variable_name,adf_statistic,p_value,num_lags_used,num_observations_used,critical_value_1%,critical_value_5%,critical_value_10%,interpretation
x_error (m),-6.3199094715778035,3.084336778488796e-08,18,628,-3.4408057813848147,-2.866153285929353,-2.569226804028561,Stationary
y_error (m),-6.334309707669546,2.8554960171613127e-08,20,626,-3.4408393249134326,-2.86616806030903,-2.569234676071002,Stationary
z_error (m),-7.196309536929065,2.4295364649880275e-10,18,628,-3.4408057813848147,-2.866153285929353,-2.569226804028561,Stationary
satclockerror (m),-6.4305529816669456,1.7016393993677542e-08,16,630,-3.4407724517110783,-2.866138605582151,-2.569218982111363,Stationary
