variable_name,adf_statistic,p_value,num_lags_used,num_observations_used,critical_value_1%,critical_value_5%,critical_value_10%,interpretation
x_error (m),-6.319909471577777,3.0843367784892315e-08,18,628,-3.4408057813848147,-2.866153285929353,-2.569226804028561,Stationary
y_error (m),-6.334309707669516,2.8554960171617697e-08,20,626,-3.4408393249134326,-2.86616806030903,-2.569234676071002,Stationary
z_error (m),-7.196309536929038,2.4295364649883734e-10,18,628,-3.4408057813848147,-2.866153285929353,-2.569226804028561,Stationary
satclockerror (m),-6.430552981666973,1.7016393993674922e-08,16,630,-3.4407724517110783,-2.866138605582151,-2.569218982111363,Stationary
