variable_name,adf_statistic,p_value,num_lags_used,num_observations_used,critical_value_1%,critical_value_5%,critical_value_10%,interpretation
x_error (m),-3.8952074582350975,0.0020704020492223296,8,750,-3.439099096730074,-2.8654013553540745,-2.568826193777778,Stationary
y_error  (m),-2.675796952401912,0.07832090734877384,5,753,-3.4390641198617864,-2.8653859408474482,-2.5688179819544312,Non-Stationary
z_error (m),-5.931062812471144,2.3800346903652075e-07,8,750,-3.439099096730074,-2.8654013553540745,-2.568826193777778,Stationary
satclockerror (m),-6.534512316281254,9.683728083499722e-09,1,757,-3.4390179167598367,-2.8653655786032237,-2.5688071343462777,Stationary
